{
    "gradient_boosting": {
        "model_name": "gradient_boosting",
        "drop_leakage": true,
        "dropped_columns": [
            "duration"
        ],
        "cv_metrics": {
            "train_accuracy": 0.8985359982615494,
            "cv_accuracy": 0.8943265401744173,
            "gap_accuracy": 0.004209458087132134,
            "train_precision": 0.7131896062016063,
            "cv_precision": 0.6545980991825336,
            "gap_precision": 0.058591507019072675,
            "train_recall": 0.2219331391795957,
            "cv_recall": 0.20515321772575157,
            "gap_recall": 0.016779921453844132,
            "train_f1": 0.33848234801162475,
            "cv_f1": 0.3122789549911074,
            "gap_f1": 0.02620339302051733,
            "train_roc_auc": 0.806863569761801,
            "cv_roc_auc": 0.7921264353450912,
            "gap_roc_auc": 0.014737134416709763
        },
        "test_metrics": {
            "accuracy": 0.8948357845847617,
            "precision": 0.6666666666666666,
            "recall": 0.20226843100189035,
            "f1": 0.3103698332124728,
            "roc_auc": 0.8019271720487257
        },
        "confusion_matrix": {
            "tn": 7878,
            "fp": 107,
            "fn": 844,
            "tp": 214
        },
        "test_size": 0.2,
        "random_state": 42,
        "n_splits": 5
    },
    "hist_gradient_boosting": {
        "model_name": "hist_gradient_boosting",
        "drop_leakage": true,
        "dropped_columns": [
            "duration"
        ],
        "cv_metrics": {
            "train_accuracy": 0.907252262106466,
            "cv_accuracy": 0.8939393682252506,
            "gap_accuracy": 0.013312893881215482,
            "train_precision": 0.778400044546024,
            "cv_precision": 0.6283500159978089,
            "gap_precision": 0.15005002854821503,
            "train_recall": 0.289469150158361,
            "cv_recall": 0.22808186870082423,
            "gap_recall": 0.061387281457536774,
            "train_f1": 0.4219047968166194,
            "cv_f1": 0.3345582088339306,
            "gap_f1": 0.0873465879826888,
            "train_roc_auc": 0.8548442459023589,
            "cv_roc_auc": 0.798539647736328,
            "gap_roc_auc": 0.05630459816603084
        },
        "test_metrics": {
            "accuracy": 0.8964945261528254,
            "precision": 0.6517412935323383,
            "recall": 0.24763705103969755,
            "f1": 0.3589041095890411,
            "roc_auc": 0.8070491931350489
        },
        "confusion_matrix": {
            "tn": 7845,
            "fp": 140,
            "fn": 796,
            "tp": 262
        },
        "test_size": 0.2,
        "random_state": 42,
        "n_splits": 5
    }
}