{
    "model_name": "gradient_boosting_tuned",
    "drop_leakage": true,
    "dropped_columns": [
        "duration"
    ],
    "search_type": "RandomizedSearchCV",
    "best_params": {
        "model__subsample": 0.7,
        "model__n_estimators": 250,
        "model__min_samples_split": 2,
        "model__min_samples_leaf": 10,
        "model__max_depth": 5,
        "model__learning_rate": 0.05
    },
    "train_roc_auc": 0.8488605731143174,
    "cv_roc_auc": 0.7993339334865295,
    "gap_roc_auc": 0.049526639627787916,
    "overfitting_ok": true,
    "test_metrics": {
        "accuracy": 0.8973791883224593,
        "precision": 0.6477272727272727,
        "recall": 0.26937618147448017,
        "f1": 0.38050734312416556,
        "roc_auc": 0.8051585380433304
    },
    "confusion_matrix": {
        "tn": 7830,
        "fp": 155,
        "fn": 773,
        "tp": 285
    },
    "n_iter": 20,
    "n_splits": 5,
    "random_state": 42
}