{
    "model_name": "hist_gradient_boosting",
    "drop_leakage": true,
    "dropped_columns": [
        "duration"
    ],
    "cv_metrics": {
        "train_accuracy": 0.907252262106466,
        "cv_accuracy": 0.8939393682252506,
        "gap_accuracy": 0.013312893881215482,
        "train_precision": 0.778400044546024,
        "cv_precision": 0.6283500159978089,
        "gap_precision": 0.15005002854821503,
        "train_recall": 0.289469150158361,
        "cv_recall": 0.22808186870082423,
        "gap_recall": 0.061387281457536774,
        "train_f1": 0.4219047968166194,
        "cv_f1": 0.3345582088339306,
        "gap_f1": 0.0873465879826888,
        "train_roc_auc": 0.8548442459023589,
        "cv_roc_auc": 0.798539647736328,
        "gap_roc_auc": 0.05630459816603084
    },
    "test_metrics": {
        "accuracy": 0.8964945261528254,
        "precision": 0.6517412935323383,
        "recall": 0.24763705103969755,
        "f1": 0.3589041095890411,
        "roc_auc": 0.8070491931350489
    },
    "confusion_matrix": {
        "tn": 7845,
        "fp": 140,
        "fn": 796,
        "tp": 262
    },
    "test_size": 0.2,
    "random_state": 42,
    "n_splits": 5
}